品牌历史,大众汽车
摩托车,摩托车
购车,2016安徽地区年度家庭SUV全新Jeep指南者
维修改装,轮胎使用保养专辑第八辑
车汇热点,交通违章
用车,2016安徽地球仪年度智能车型宝沃BX7
品牌历史,广汽冷知识
车汇热点,我来说交通
说车,青岛说车争霸赛
购车,乡村买车
说车,60秒评车
用车,车险理赔以及汽车相关资讯
维修改装,汽车音响改装
用车,汽车驾照
车汇热点,交通违章
说车,小聪说车
车闻趣事,高尔夫车主故事
购车,豆哥不卖车
说车,爱车宝典
品牌历史,汽车1分钟Volkswagen大众
说车,队长说车
说车,好汉说车
说车,欣雨说车
说车,土逗说车迈凯伦大咖
用车,汽车保险法
评测,新车挖掘机
车闻趣事,汽车的故事
说车,爱车天天汇
说车,大炮评车
说车,爱车有道
车汇热点,月阅新闻智能网联自动驾驶
说车,说车大赛
维修改装,汽修厂行业领先的核心技术
二手车,二手车知识
说车,小张说车
说车,EK爱车直播音频
用车,2016安徽地区年度新能源车型比亚迪唐
旅行自驾,合肥星之宝2系旅行孙建邺
用车,2016安徽地区年度科技互联车型凯翼X3
车汇热点,朔州K车轮车闻乐道
评测,大湿兄汽车评测
旅行自驾,市公路处国道整治进行时FM917广播版
用车,2016安徽地区年度安全长轴距豪华车型沃尔沃S90加长版
评测,大旗侃车之新车辣评
说车,小眼说车第一集
车汇热点,KL的Leo交通讲解
评测,新车评网观点
品牌历史,汽车历史
品牌历史,人在一汽大众一人一故事
二手车,侨乡二手车
用车,保险知识
说车,卡车315
说车,小徐说车
说车,喻哥评车
购车,万元购车考察7说明会
评测,广汽丰田兆方店新车说
二手车,二手车骗术大全
用车,儒风雅韵通达天下上汽大通孔子文化节指定用车全程报道
说车,挑战说车
评测,新车磨合期使用注意事项
说车,X天行者讲车
车闻趣事,司机故事
车汇热点,交通违章
用车,车险理赔常见问题
品牌历史,一汽大众安全童行直播
评测,新车速递
车汇热点,我的世界949交通广播
车汇热点,易来FM
评测,五分钟看懂新车
购车,炒股指南
说车,小眼说车第二集
说车,小鸡说说车
维修改装,修车黑幕
评测,90秒新车快评
说车,高密鸿发爱车讲堂之环保检车不上线
车汇热点,可以听的汽车新闻
维修改装,三角轮胎
品牌历史,2016安徽地区年度全能SUV广汽三菱欧蓝德
维修改装,养护学堂初级
车闻趣事,汽车电台
车汇热点,新版交通广播
车闻趣事,汽车品牌的故事
说车,卡车周周报
购车,半价买车
评测,广汽丰田兆方店新车说
车汇热点,工匠FM的个人介绍
二手车,二手车论坛
说车,润浩大众爱车分享
车汇热点,交通工具
品牌历史,广汽丰田兆方店e学堂
说车,哇赛车
品牌历史,国力东风本田
品牌历史,汽车人李双君
说车,大宁说车
用车,驾照学习
维修改装,汽车保养小知识
车闻趣事,毛毛讲故事大卫不可以
说车,大裤衩子说车
购车,豆哥不卖车
购车,买车家广播
二手车,猫说二手车
品牌历史,鑫晶通凯迪拉克
品牌历史,奥迪汽车配音2012年冬
品牌历史,广汽丰田兆方店e学堂
说车,子燚说车
维修改装,夏日汽车保养小常识
说车,大排说车第一期
购车,买车就跟酱哥儿买
二手车,神谝二手车
维修改装,改装
购车,卖车啦
购车,如何选车
购车,卖车咨询
说车,说车王
维修改装,奔驰s600车行驶中车身突然倾斜
车闻趣事,引擎故事
说车,2017小车迷评车
二手车,前车之鉴上海车展特别节目
购车,万元购车考察7说明会
用车,2016安徽地区年度最佳设计车型全新奥迪A4L
说车,老朱说车
摩托车,韶山电力机车
说车,卡车之声
说车,小雅说车
说车,苏老师说车特别版
用车,2016安徽地区年度人气车型梅赛德斯奔驰长轴距E级车
说车,大回小回振宇说车
车闻趣事,消防车的故事
说车,艺人说车
用车,2016安徽地区年度动力车型昂克赛拉
旅行自驾,宝骏310一使劲加长到4米6多国产便宜的旅行车终于到来了
品牌历史,汽车故事
用车,科目一练习题单选题
旅行自驾,吕长恒老师分享默舒科技旅游研讨会后感想
评测,汽车评测
说车,杨博士说车杨博士告诉您
说车,挑战说车王有胆你就来合肥站
维修改装,汽修厂如何越做越轻松从同质化到差异化从营销模式再到商业模式
用车,汽车保险知多少告诉你
维修改装,三得利讲保养
车汇热点,AutoFM品质宣传篇
维修改装,汽车行驶过程中突发状况处理办法
评测,新车上市
说车,丹路说车
二手车,国民认识二手车
维修改装,汽修厂如何越做越轻松从同志划到差异化从营销模式过度到商业模式
说车,我的爱车
品牌历史,奥迪
维修改装,阿秋的修车记
说车,PIAPIA说车
车汇热点,交通工具全知道
品牌历史,汽车1分钟Audi奥迪
评测,长安汽车安徽区域新车发布
车闻趣事,卓雅芳洲之声渔夫和金鱼的故事
用车,2016安徽地区年度豪华车型宝马新7系
二手车,选购二手车须知
说车,挑战说车王
车汇热点,一周车事
说车,鲁中说车争霸赛
品牌历史,见证品质续写传奇喜马拉雅FM探界上汽通用雪佛兰武汉分工厂
用车,姣姣大人之车险那些事
车闻趣事,给豆豆讲故事
车汇热点,交通执法
品牌历史,大友丰田十一周年说出你的爱
说车,杨博士说车
评测,噜噜噜带你看新车
用车,小白说车险
用车,驾考宝典科目一专项解析
二手车,远通星辉二手车商城
品牌历史,丰田奥拓
维修改装,汽修厂运营从营销模式到商业模式
维修改装,汽修内参
用车,车险介绍
摩托车,机车专辑胡说胡有理阿洋
维修改装,汽车天然气改装
购车,胖哥选车
说车,小毛说车
用车,车险续保销售话术
二手车,二手车知识大全
维修改装,汽修厂如何越做越轻松从同质化到差异化
二手车,二手车的段子
维修改装,用车养车
维修改装,汽修常识
购车,天天为您提供现车资源价格美丽
说车,卡车时间
评测,新车快评
说车,高中生讲车
品牌历史,汽车人专栏
车汇热点,少雍说交通
品牌历史,老司机上路与你畅谈雷克萨斯全混动科技
说车,Bob说车
购车,买车帮帮忙
维修改装,养车随想
用车,2016安徽地区年度家用车型奇瑞艾瑞泽5
说车,大炮评车
旅行自驾,公路
车汇热点,交通出行
说车,风火轮火辣小跑车更新中
说车,跑车市
说车,小宣说车
车闻趣事,消防车的故事
购车,专汽购车指南
品牌历史,丰田郎驰中型车
说车,讲车
品牌历史,吉利汽车音频
说车,说说车
说车,少冰评车
维修改装,养车一点通
评测,新志侃新车
维修改装,汽修
购车,90后选车
维修改装,汽车保养维修那些事儿
维修改装,汽修厂倍增利润依靠的不仅仅是领先的核心技术
车汇热点,交通工具大事件
车汇热点,易车热点
车闻趣事,声活家3汽车媒体掌门人和你聊聊车的故事
品牌历史,人在一汽大众一人一故事
车汇热点,交通频道
用车,工哥怒怼科目一
购车,奔驰价格
维修改装,优优车蛋养护
说车,袋鼠评车
维修改装,汽修厂增加客户的方法和技巧怎样用更低的成本
说车,GeekCar粉讲车史
品牌历史,吉利汽车
说车,大宝说车
说车,永冰说车
说车,高密鸿发吉利汽车爱车讲堂
品牌历史,上汽大众青大海源
说车,哈哈说车
用车,车辆保险
旅行自驾,旅行故事风一样的女子去西藏
维修改装,汽车保养
车汇热点,交通违章及法规
说车,爱车讲座
说车,昊文赛车世界
说车,小杨说车
说车,杨博士说车绿色精剪版
购车,新锐购车指导老刘说车
说车,川川说车
用车,小论车辆保险
维修改装,安顺科普养车小常识
车汇热点,交通工具
用车,考驾照我们最专业
车汇热点,嘉保信装饰FM898冠名
维修改装,行象养车养车不花冤枉钱
用车,驾考宝典科目一
维修改装,王健改善清洁能源巴士运营与管理
车汇热点,车谈山外山大连交通广播
车汇热点,北约FM
品牌历史,鑫宝丰田车大侠
说车,寻找爱车的你
